<?xml version="1.0" encoding="UTF-8"?>
<feature
      id="org.eclipse.team.svn.mylyn"
      label="%featureName"
      version="1.1.0.I20130619-1700"
      provider-name="%providerName"
      colocation-affinity="org.eclipse.team.svn">
   <install-handler/>

   <description>
      Integration with Mylyn http://www.eclipse.org/mylyn Installation is possible only if Mylyn is already installed or installed in one step with Eclipse Subversive.
   </description>

   <license url="license.html">
      %license
   </license>

   <url>
      <update label="%updateSiteName" url="http://download.eclipse.org/technology/subversive/1.1/update-site/"/>
      <discovery label="%discoverySiteName" url="http://download.eclipse.org/technology/subversive/1.1/update-site/"/>
   </url>

   <requires>
      <import feature="org.eclipse.mylyn_feature" version="3.0.0" match="compatible"/>
      <import feature="org.eclipse.mylyn.ide_feature" version="3.0.0" match="compatible"/>
      <import feature="org.eclipse.mylyn.context_feature" version="3.0.0" match="compatible"/>
      <import feature="org.eclipse.mylyn.bugzilla_feature" version="3.0.0" match="compatible"/>
      <import feature="org.eclipse.team.svn" version="1.0.0.I20120601-1700" match="compatible"/>
      <import plugin="org.eclipse.core.resources"/>
      <import plugin="org.eclipse.team.core"/>
      <import plugin="org.eclipse.team.ui"/>
      <import plugin="org.eclipse.ui"/>
      <import plugin="org.eclipse.core.runtime"/>
      <import plugin="org.eclipse.team.svn.core"/>
      <import plugin="org.eclipse.team.svn.ui"/>
      <import plugin="org.eclipse.mylyn.team.ui" version="3.0.0" match="compatible"/>
      <import plugin="org.eclipse.mylyn.tasks.core" version="3.0.0" match="compatible"/>
      <import plugin="org.eclipse.mylyn.tasks.ui" version="3.0.0" match="compatible"/>
      <import plugin="org.eclipse.mylyn.bugzilla.core" version="3.0.0" match="compatible"/>
      <import plugin="org.eclipse.mylyn.context.core" version="3.0.0" match="compatible"/>
      <import plugin="org.eclipse.mylyn.resources.ui" version="3.0.0" match="compatible"/>
      <import plugin="org.eclipse.mylyn.monitor.core" version="3.0.0" match="compatible"/>
      <import plugin="org.eclipse.mylyn.tasks.bugs" version="3.4.1" match="compatible"/>
   </requires>

   <plugin
         id="org.eclipse.team.svn.mylyn"
         download-size="20"
         install-size="20"
         version="1.1.0.I20130527-1700"
         unpack="false"/>

</feature>
