<?xml version="1.0" encoding="UTF-8"?>
<feature
      id="org.polarion.eclipse.team.svn.connector.svnkit16"
      label="%featureName"
      version="3.0.2.I20130808-1700"
      provider-name="%providerName"
      colocation-affinity="org.eclipse.team.svn">
   <install-handler/>

   <description>
      SVN Kit http://www.svnkit.com connector for the Eclipse Subversive. Compatible with SVN 1.6.x.
   </description>

   <license url="license.html">
      %license
   </license>

   <url>
      <update label="%updateSiteName" url="http://community.polarion.com/projects/subversive/download/eclipse/3.0/update-site/"/>
      <discovery label="%discoverySiteName" url="http://community.polarion.com/projects/subversive/download/eclipse/3.0/update-site/"/>
   </url>

   <requires>
      <import feature="org.eclipse.team.svn" version="1.0.0.I20121109-1700" match="compatible"/>
      <import feature="org.polarion.eclipse.team.svn.connector"/>
   </requires>

   <plugin
         id="org.polarion.eclipse.team.svn.connector.svnkit16"
         download-size="3790"
         install-size="3790"
         version="3.0.2.I20130808-1700"
         unpack="false"/>

</feature>
