<?xml version="1.0" encoding="UTF-8"?>
<feature
      id="org.eclipse.team.svn.resource.ignore.rules.jdt"
      label="%featureName"
      version="1.1.0.I20130619-1700"
      provider-name="%providerName"
      colocation-affinity="org.eclipse.team.svn">

   <description>
      The feature is useful for Java development because it allows to automatically interpret output folders as ignored resources.
   </description>

   <license url="license.html">
      %license
   </license>

   <url>
      <update label="%updateSiteName" url="http://download.eclipse.org/technology/subversive/1.1/update-site/"/>
      <discovery label="%discoverySiteName" url="http://download.eclipse.org/technology/subversive/1.1/update-site/"/>
   </url>

   <requires>
      <import plugin="org.eclipse.core.resources"/>
      <import plugin="org.eclipse.core.runtime"/>
      <import plugin="org.eclipse.jdt.core"/>
      <import plugin="org.eclipse.team.svn.core" version="1.0.0.I20120601-1700" match="compatible"/>
   </requires>

   <plugin
         id="org.eclipse.team.svn.resource.ignore.rules.jdt"
         download-size="7"
         install-size="7"
         version="1.1.0.I20130527-1700"
         unpack="false"/>

</feature>
